display,fracttal_codebase,fracttal_nome,athon_sunop,axis,api_pv,thopen_pg,dois_c_owen,fontes
Altair 1 (73),ALT100,Thopen - Altair 1 - SP,,,Altair 1 (73),,,pv
Altair 2 (74),ALT100,Thopen - Altair 1 - SP,,,Altair 2 (74),,,pv
Altair 3 (75),ALT100,Thopen - Altair 1 - SP,,,Altair 3 (75),,,pv
Altair 4 (76),ALT100,Thopen - Altair 1 - SP,,,Altair 4 (76),,,pv
Altair 5 (77),ALT100,Thopen - Altair 1 - SP,,,Altair 5 (77),,,pv
Alto Paraná 1,APR100,Thopen - Alto Paraná 1 - PR,,,Alto Parana 1 (40),,,pv
Alto Paraná 2,APR200,Thopen - Alto Paraná 2 - PR,,,Alto Parana 2 (42),,,pv
(298) Aparecida 3,APR300,Thopen - Aparecida 3 - SP,,,,(298) Aparecida 3,,pg
(299) Araçoiaba da Serra 1,ADS100,Thopen - Araçoiaba da Serra 1- SP,,,,(299) Araçoiaba da Serra 1,,pg
(300) Araçoiaba da Serra 2,ADS200,Thopen - Araçoiaba da Serra 2 - SP,,,,(300) Araçoiaba da Serra 2,,pg
Araputanga,APG100,2C - Araputanga 1 - MT,,,,,ARA,owen
Barretos 1 (83),BRS100,Thopen - Barretos 1 - SP,,,Barretos 1 (83),,,pv
Barretos 2 (83),BRS100,Thopen - Barretos 1 - SP,,,Barretos 2 (83),,,pv
Belo Jardim,BJD100,Thopen - Belo Jardim  1 - PE,,,Belo Jardim (588),,,pv
(289) Boa Esperança do Sul 1,BES100,Thopen - Boa Esperança do Sul 1 e 2 - SP,,,,(289) Boa Esperança do Sul 1,,pg
Brodowski - Skid 1 (86),BWK100,Thopen - Brodowski 1 - SP,,,Brodowski - Skid 1 (86),,,pv
Brodowski - Skid 2 (86),BWK100,Thopen - Brodowski 1 - SP,,,Brodowski - Skid 2 (86),,,pv
(292) Caxambu,CXB100,Thopen - Caxambu 1 - SP,,,,(292) Caxambu,,pg
Ceilândia 1.1 (89),CLN100,Thopen - Ceilândia 1 - DF,,,Ceilândia 1.1 (89),,,pv
Ceilândia 1.2 (90),CLN100,Thopen - Ceilândia 1 - DF,,,Ceilândia 1.2 (90),,,pv
Ceilândia 1.3 (91),CLN100,Thopen - Ceilândia 1 - DF,,,Ceilândia 1.3 (91),,,pv
Ceilândia II - Atena (92),CLN200,Thopen - Ceilândia 2 - DF,,,Ceilândia II - Atena (92),,,pv
Ceilândia II - Cedro Rosa (10),CLN200,Thopen - Ceilândia 2 - DF,,,Ceilândia II - Cedro Rosa (10),,,pv
Ceilândia II - Pinheiro (93),CLN200,Thopen - Ceilândia 2 - DF,,,Ceilândia II - Pinheiro (93),,,pv
Ceilândia II - Pitangueira (94),CLN200,Thopen - Ceilândia 2 - DF,,,Ceilândia II - Pitangueira (94),,,pv
Céu Azul I (102),CAZ100,Thopen - Céu Azul 1 - PR,,,Céu Azul I (102),,,pv
Céu Azul II (103),CAZ100,Thopen - Céu Azul 1 - PR,,,Céu Azul II (103),,,pv
Céu Azul III (104),CAZ100,Thopen - Céu Azul 1 - PR,,,Céu Azul III (104),,,pv
Cidade Gaucha,CGH100,Thopen - Cidade Gaúcha 1 - PR,,,Cidade Gaúcha (105),,,pv
Colorado 1,CLR100,Thopen - Colorado 1 - PR,,,Colorado 1 (109),,,pv
Colorado 2,CLR200,Thopen - Colorado 2 - PR,,,Colorado 2 (110),,,pv
Coração 1,COR100,Thopen - Coração 1 - SC,,,Coração 1 (111),,,pv
Coração 2,,,,,Coração 2 (112),,,pv
Corrego Sapucaia 1 (113),CDS100,Thopen - Córrego do Sapucaia 1 - ES,,,Corrego Sapucaia 1 (113),,,pv
Corrego Sapucaia 2 (114),CDS100,Thopen - Córrego do Sapucaia 1 - ES,,,Corrego Sapucaia 2 (114),,,pv
CPP100,CPP100,Athon - Capitão Poço 1 - PA,CPP100,,,,,sunop
Embu Guaçu 1 (119),EBG100,Thopen - Embu Guaçu 1 - SP,,,Embu Guaçu 1 (119),,,pv
Embu Guaçu 2 (120),EBG100,Thopen - Embu Guaçu 1 - SP,,,Embu Guaçu 2 (120),,,pv
Embu Guaçu 3 (121),EBG100,Thopen - Embu Guaçu 1 - SP,,,Embu Guaçu 3 (121),,,pv
Fazenda Limão 1 (122),FZL100,Thopen - Fazenda Limão 1 - RJ,,,Fazenda Limão 1 (122),,,pv
Fazenda Limão 2 (122),FZL100,Thopen - Fazenda Limão 1 - RJ,,,Fazenda Limão 2 (122),,,pv
Fernandópolis 1 (123),FRN100,Thopen - Fernandópolis 1 - SP,,,Fernandópolis 1 (123),,,pv
Fernandópolis 2 (125),FRN100,Thopen - Fernandópolis 1 - SP,,,Fernandópolis 2 (125),,,pv
Fernandópolis 3 (124),FRN100,Thopen - Fernandópolis 1 - SP,,,Fernandópolis 3 (124),,,pv
(295) Goytacazes 1,GYT100,Thopen - Campos dos Goytacazes 1 - RJ,,,,(295) Goytacazes 1,,pg
(305) Guaratinguetá V,GTA500,Thopen - Guaratingueta 5 - SP,,,,(305) Guaratinguetá V,,pg
Guatambu 1 (127),GTB100,Thopen - Guatambú 1 - SC,,,Guatambu 1 (127),,,pv
Guatambu 2 (129),GTB100,Thopen - Guatambú 1 - SC,,,Guatambu 2 (129),,,pv
Guatambu 3 (130),GTB100,Thopen - Guatambú 1 - SC,,,Guatambu 3 (130),,,pv
Guatambu 4 (128),GTB100,Thopen - Guatambú 1 - SC,,,Guatambu 4 (128),,,pv
(306) Ibaté 1,IBT100,Thopen - Ibaté 1 - SP,,,,(306) Ibaté 1,,pg
(307) Ibaté 2,IBT200,Thopen - Ibaté 2 - SP,,,,(307) Ibaté 2,,pg
Indaiatuba 1 (131),IND100,Thopen - Indaiatuba 1 - SP,,,Indaiatuba 1 (131),,,pv
Indaiatuba 2 (133),IND100,Thopen - Indaiatuba 1 - SP,,,Indaiatuba 2 (133),,,pv
Indaiatuba 3 (132),IND100,Thopen - Indaiatuba 1 - SP,,,Indaiatuba 3 (132),,,pv
Indaiatuba 4 (3),IND100,Thopen - Indaiatuba 1 - SP,,,Indaiatuba 4 (3),,,pv
Inhapi 1 (576),INP100,Thopen - Inhapi 1 - AL,,,Inhapi 1 (576),,,pv
Inhapi 2 (577),INP100,Thopen - Inhapi 1 - AL,,,Inhapi 2 (577),,,pv
Inhapi 3 (578),INP100,Thopen - Inhapi 1 - AL,,,Inhapi 3 (578),,,pv
(308) Ipixuna 1,IPX100,Thopen - Ipixuna 1 e 2 - PA,,,,(308) Ipixuna 1,,pg
Ipixuna do Pará,IPX100,2C - Ipixuna do Pará 1 - PA,,,,,IPX,owen
JCD100,JCD100,Athon - Jacundá 1 - PA,JCD100,,,,,sunop
Junco 1 (46),JNC100,Thopen - Junco 1 - PI,,,Junco 1 (46),,,pv
Junco 2.1 (134),JNC100,Thopen - Junco 1 - PI,,,Junco 2.1 (134),,,pv
Junco 2.2 (135),JNC100,Thopen - Junco 1 - PI,,,Junco 2.2 (135),,,pv
Junco 2.3 (136),JNC100,Thopen - Junco 1 - PI,,,Junco 2.3 (136),,,pv
MAB100,MAB100,Athon - Marabá 1 - PA,MAB100,,,,,sunop
MAB200,MAB200,Athon - Marabá 2 - PA,MAB200,,,,,sunop
Mandaguaçu 1 (140),MNG100,Thopen - Mandaguaçu 1 - PR,,,Mandaguaçu 1 (140),,,pv
Mandaguaçu 2 (141),MNG100,Thopen - Mandaguaçu 1 - PR,,,Mandaguaçu 2 (141),,,pv
Mandaguaçu 3 (142),MNG100,Thopen - Mandaguaçu 1 - PR,,,Mandaguaçu 3 (142),,,pv
Mandaguaçu 4 (143),MNG100,Thopen - Mandaguaçu 1 - PR,,,Mandaguaçu 4 (143),,,pv
(321) Marajoara I,MRJ100,Thopen - Marajoara 1 - SP,,,,(321) Marajoara I,,pg
Matão 1,MTO100,Thopen - Matão 1 - SP,,,Matão 1 (145),,,pv
Matão 2,TPZ100,Thopen - Topázio (Matão 2) - SP,,,Matão II - Topazio (146),,,pv
MRO100,MRO100,Athon - Mãe do Rio 1 - PA,MRO100,,,,,sunop
MTS100,MTS100,Athon - Matões 1 - MA,MTS100,,,,,sunop
Nova Londrina 1 (152),NVL100,Thopen - Nova Londrina 1 - PR,,,Nova Londrina 1 (152),,,pv
Nova Londrina 2 (153),NVL100,Thopen - Nova Londrina 1 - PR,,,Nova Londrina 2 (153),,,pv
Paranavaí,PRV100,Thopen - Paranavaí 1 - PR,,,Paranavaí (78),,,pv
(309) Piracicaba I,PRB100,Thopen - Piracicaba 1 - SP,,,,(309) Piracicaba I,,pg
Poconé 1,PCN100,Thopen - Poconé 1 - MT,,,Poconé (158),,,pv
Primavera 1,PRM100,Thopen - Primavera 1 - ES,,,Primavera 1 (115),,,pv
Primavera 2,PRM200,Thopen - Primavera 2 - ES,,,Primavera 2 (116),,,pv
(310) Salto Pirapora III,SPP300,Thopen - Salto Pirapora 3 - SP,,,,(310) Salto Pirapora III,,pg
(311) Santa Bárbara I,STB100,Thopen - Santa Bárbara 1 - SP,,,,(311) Santa Bárbara I,,pg
(317) Santarém 1,STR100,Thopen - Santarém 1 e 2 - PA,,,,(317) Santarém 1,,pg
(318) Santarém 2,STR100,Thopen - Santarém 1 e 2 - PA,,,,(318) Santarém 2,,pg
Santo Antônio da Platina 1,,,,,Santo Antônio da Platina 1,,,pv
Santo Antônio da Platina 2,,,,,Santo Antônio da Platina 2,,,pv
(327) Santo Inácio XII,,Thopen - Santo Inácio 1 e 2 - SP,,,,(327) Santo Inácio XII,,pg
São Bento do Una,SBU100,Thopen - São Bento do Una 1 - PE,,,São Bento do Una,,,pv
Sarandi 1,,,,,Sarandi 1,,,pv
Sarandi 2,,,,,Sarandi 2,,,pv
Saturnino 1,,Thopen - Saturnino 1 - RJ,,,Saturnino (166),,,pv
Sete Lagoas,SLG200,2C - Sete Lagoas 2 - MG,,,,,STL,owen
Sitio dos Nogueiras 1 (35),SDN100,Thopen - Sítio dos Nogueiras 1 - GO,,,Sitio dos Nogueiras 1 (35),,,pv
Sitio dos Nogueiras 2 (36),SDN100,Thopen - Sítio dos Nogueiras 1 - GO,,,Sitio dos Nogueiras 2 (36),,,pv
Sitio dos Nogueiras 3 (37),SDN100,Thopen - Sítio dos Nogueiras 1 - GO,,,Sitio dos Nogueiras 3 (37),,,pv
Sitio dos Nogueiras 4 (38),SDN100,Thopen - Sítio dos Nogueiras 1 - GO,,,Sitio dos Nogueiras 4 (38),,,pv
SMP100,SMP100,Athon - Santa Maria do Pará 1 - PA,SMP100,,,,,sunop
Tanabi 1 (175),TNB100,Thopen - Tanabi 1 - SP,,,Tanabi 1 (175),,,pv
Tanabi 2 (176),TNB100,Thopen - Tanabi 1 - SP,,,Tanabi 2 (176),,,pv
TIM100,TIM100,Athon -  Timon 1 - MA,TIM100,,,,,sunop
TIM200,TIM200,Athon -  Timon 2 - MA,TIM200,,,,,sunop
Tupi Paulista,TPP100,2C - Tupi Paulista 1 e 2 - SP,,,,,TUP,owen
Vertentes,VRT200,Thopen - Vertentes 2 - PE,,,Vertentes (590),,,pv
